Workbook

Sheet Region Summary
A1: Transportation Rate Collection by Region
A2: Open each region sheet, complete one country row, and set “Regional Master?” to Yes. After you upload the completed workbook, the selected row can be copied to every country in that region.
A4: Region | B4: Number of Countries | C4: Master Rows Selected | D4: Status | E4: Source Note
A5: Africa | B5: 56 | C5: =COUNTIF(Africa!$A$5:$A$60,"Yes") -> 0 | D5: =IF(C5=1,"READY",IF(C5=0,"NOT SELECTED","MORE THAN ONE")) -> NOT SELECTED
A6: Australia and New Zealand | B6: 1 | C6: =COUNTIF('Australia and New Zealand'!$A$5,"Yes") -> 0 | D6: =IF(C6=1,"READY",IF(C6=0,"NOT SELECTED","MORE THAN ONE")) -> NOT SELECTED
A7: Canada | B7: 1 | C7: =COUNTIF(Canada!$A$5,"Yes") -> 0 | D7: =IF(C7=1,"READY",IF(C7=0,"NOT SELECTED","MORE THAN ONE")) -> NOT SELECTED
A8: Eastern Asia | B8: 2 | C8: =COUNTIF('Eastern Asia'!$A$5:$A$6,"Yes") -> 0 | D8: =IF(C8=1,"READY",IF(C8=0,"NOT SELECTED","MORE THAN ONE")) -> NOT SELECTED
A9: Europe | B9: 46 | C9: =COUNTIF(Europe!$A$5:$A$50,"Yes") -> 0 | D9: =IF(C9=1,"READY",IF(C9=0,"NOT SELECTED","MORE THAN ONE")) -> NOT SELECTED
A10: Latin America + Caribbean | B10: 49 | C10: =COUNTIF('Latin America + Caribbean'!$A$5:$A$53,"Yes") -> 0 | D10: =IF(C10=1,"READY",IF(C10=0,"NOT SELECTED","MORE THAN ONE")) -> NOT SELECTED
A11: Middle East | B11: 12 | C11: =COUNTIF('Middle East'!$A$5:$A$16,"Yes") -> 0 | D11: =IF(C11=1,"READY",IF(C11=0,"NOT SELECTED","MORE THAN ONE")) -> NOT SELECTED
A12: Northern Africa | B12: 1 | C12: =COUNTIF('Northern Africa'!$A$5,"Yes") -> 0 | D12: =IF(C12=1,"READY",IF(C12=0,"NOT SELECTED","MORE THAN ONE")) -> NOT SELECTED
A13: Northern America | B13: 1 | C13: =COUNTIF('Northern America'!$A$5,"Yes") -> 0 | D13: =IF(C13=1,"READY",IF(C13=0,"NOT SELECTED","MORE THAN ONE")) -> NOT SELECTED
A14: SH | B14: 1 | C14: =COUNTIF(SH!$A$5,"Yes") -> 0 | D14: =IF(C14=1,"READY",IF(C14=0,"NOT SELECTED","MORE THAN ONE")) -> NOT SELECTED | E14: The source file contains SH in the Region column for Saint Helena.
A15: South-Eastern Asia | B15: 3 | C15: =COUNTIF('South-Eastern Asia'!$A$5:$A$7,"Yes") -> 0 | D15: =IF(C15=1,"READY",IF(C15=0,"NOT SELECTED","MORE THAN ONE")) -> NOT SELECTED
A16: Southern Europe | B16: 3 | C16: =COUNTIF('Southern Europe'!$A$5:$A$7,"Yes") -> 0 | D16: =IF(C16=1,"READY",IF(C16=0,"NOT SELECTED","MORE THAN ONE")) -> NOT SELECTED
A17: Unclassified | B17: 2 | C17: =COUNTIF(Unclassified!$A$5:$A$6,"Yes") -> 0 | D17: =IF(C17=1,"READY",IF(C17=0,"NOT SELECTED","MORE THAN ONE")) -> NOT SELECTED | E17: The source file has no region value for these countries.
A18: Western Asia | B18: 3 | C18: =COUNTIF('Western Asia'!$A$5:$A$7,"Yes") -> 0 | D18: =IF(C18=1,"READY",IF(C18=0,"NOT SELECTED","MORE THAN ONE")) -> NOT SELECTED
A19: Western Europe | B19: 1 | C19: =COUNTIF('Western Europe'!$A$5,"Yes") -> 0 | D19: =IF(C19=1,"READY",IF(C19=0,"NOT SELECTED","MORE THAN ONE")) -> NOT SELECTED

Sheet Africa
A1: Africa — Transportation Company Rates
A2: Complete one country row for this region and select Yes in “Regional Master?”. When you upload the workbook, that company and its prices can be copied to every country on this sheet.
A3: Country Selection | D3: Transportation Company Information | J3: Full-Day Transportation Price by Group Size | P3: Airport Transfer Price by Group Size
A4: Regional Master? | B4: Country | C4: Country Code | D4: Transportation Company Name | E4: Address | F4: Phone Number | G4: Email | H4: Currency | I4: Notes | J4: 50–60 Passengers | K4: 35–49 Passengers | L4: 20–34 Passengers | M4: 11–19 Passengers | N4: 7–9 Passengers | O4: 2–6 Passengers | P4: 50–60 Passengers | Q4: 35–49 Passengers | R4: 20–34 Passengers | S4: 11–19 Passengers | T4: 7–9 Passengers | U4: 2–6 Passengers
B5: Algeria | C5: DZ | J5: 600 | K5: 500 | L5: 400 | M5: 300 | N5: 120 | O5: 70 | P5: 320 | Q5: 270 | R5: 220 | S5: 170 | T5: 120 | U5: 70
B6: Angola | C6: AO
B7: Benin | C7: BJ
B8: Botswana | C8: BW
B9: Burkina Faso | C9: BF
B10: Burundi | C10: BI
B11: Cameroon | C11: CM
B12: Cape Verde | C12: CV
B13: Central African Republic | C13: CF
B14: Chad | C14: TD
B15: Comoros | C15: KM
B16: Côte d'Ivoire | C16: CI
B17: Democratic Republic of the Congo | C17: CD
... B60: Zimbabwe | C60: ZW

Sheet Australia and New Zealand
A1: Australia and New Zealand — Transportation Company Rates
A2: Complete one country row for this region and select Yes in “Regional Master?”. When you upload the workbook, that company and its prices can be copied to every country on this sheet.
A3: Country Selection | D3: Transportation Company Information | J3: Full-Day Transportation Price by Group Size | P3: Airport Transfer Price by Group Size
A4: Regional Master? | B4: Country | C4: Country Code | D4: Transportation Company Name | E4: Address | F4: Phone Number | G4: Email | H4: Currency | I4: Notes | J4: 50–60 Passengers | K4: 35–49 Passengers | L4: 20–34 Passengers | M4: 11–19 Passengers | N4: 7–9 Passengers | O4: 2–6 Passengers | P4: 50–60 Passengers | Q4: 35–49 Passengers | R4: 20–34 Passengers | S4: 11–19 Passengers | T4: 7–9 Passengers | U4: 2–6 Passengers
B5: Australia | C5: AU | J5: 600 | K5: 500 | L5: 400 | M5: 300 | N5: 120 | O5: 70 | P5: 320 | Q5: 270 | R5: 220 | S5: 170 | T5: 120 | U5: 70

Sheet Canada
A1: Canada — Transportation Company Rates
A2: Complete one country row for this region and select Yes in “Regional Master?”. When you upload the workbook, that company and its prices can be copied to every country on this sheet.
A3: Country Selection | D3: Transportation Company Information | J3: Full-Day Transportation Price by Group Size | P3: Airport Transfer Price by Group Size
A4: Regional Master? | B4: Country | C4: Country Code | D4: Transportation Company Name | E4: Address | F4: Phone Number | G4: Email | H4: Currency | I4: Notes | J4: 50–60 Passengers | K4: 35–49 Passengers | L4: 20–34 Passengers | M4: 11–19 Passengers | N4: 7–9 Passengers | O4: 2–6 Passengers | P4: 50–60 Passengers | Q4: 35–49 Passengers | R4: 20–34 Passengers | S4: 11–19 Passengers | T4: 7–9 Passengers | U4: 2–6 Passengers
B5: Canada | C5: CA | J5: 800 | K5: 700 | L5: 600 | M5: 500 | N5: 120 | O5: 70 | P5: 420 | Q5: 370 | R5: 320 | S5: 270 | T5: 120 | U5: 70

Sheet Eastern Asia
A1: Eastern Asia — Transportation Company Rates
A2: Complete one country row for this region and select Yes in “Regional Master?”. When you upload the workbook, that company and its prices can be copied to every country on this sheet.
A3: Country Selection | D3: Transportation Company Information | J3: Full-Day Transportation Price by Group Size | P3: Airport Transfer Price by Group Size
A4: Regional Master? | B4: Country | C4: Country Code | D4: Transportation Company Name | E4: Address | F4: Phone Number | G4: Email | H4: Currency | I4: Notes | J4: 50–60 Passengers | K4: 35–49 Passengers | L4: 20–34 Passengers | M4: 11–19 Passengers | N4: 7–9 Passengers | O4: 2–6 Passengers | P4: 50–60 Passengers | Q4: 35–49 Passengers | R4: 20–34 Passengers | S4: 11–19 Passengers | T4: 7–9 Passengers | U4: 2–6 Passengers
B5: China | C5: CN | J5: 800 | K5: 700 | L5: 600 | M5: 500 | N5: 120 | O5: 70 | P5: 420 | Q5: 370 | R5: 320 | S5: 270 | T5: 120 | U5: 70
B6: Japan | C6: JP

Sheet Europe
A1: Europe — Transportation Company Rates
A2: Complete one country row for this region and select Yes in “Regional Master?”. When you upload the workbook, that company and its prices can be copied to every country on this sheet.
A3: Country Selection | D3: Transportation Company Information | J3: Full-Day Transportation Price by Group Size | P3: Airport Transfer Price by Group Size
A4: Regional Master? | B4: Country | C4: Country Code | D4: Transportation Company Name | E4: Address | F4: Phone Number | G4: Email | H4: Currency | I4: Notes | J4: 50–60 Passengers | K4: 35–49 Passengers | L4: 20–34 Passengers | M4: 11–19 Passengers | N4: 7–9 Passengers | O4: 2–6 Passengers | P4: 50–60 Passengers | Q4: 35–49 Passengers | R4: 20–34 Passengers | S4: 11–19 Passengers | T4: 7–9 Passengers | U4: 2–6 Passengers
B5: Albania | C5: AL | J5: 800 | K5: 700 | L5: 600 | M5: 500 | N5: 120 | O5: 70 | P5: 420 | Q5: 370 | R5: 320 | S5: 270 | T5: 120 | U5: 70
B6: Andorra | C6: AD
B7: Austria | C7: AT
B8: Belarus | C8: BY
B9: Belgium | C9: BE
B10: Bosnia and Herzegovina | C10: BA
B11: Bulgaria | C11: BG
B12: Croatia | C12: HR
B13: Czech Republic | C13: CZ
B14: Denmark | C14: DK
B15: Estonia | C15: EE
B16: Faroe Islands | C16: FO
B17: Finland | C17: FI
... B50: Vatican City | C50: VA

Sheet Latin America + Caribbean
A1: Latin America + Caribbean — Transportation Company Rates
A2: Complete one country row for this region and select Yes in “Regional Master?”. When you upload the workbook, that company and its prices can be copied to every country on this sheet.
A3: Country Selection | D3: Transportation Company Information | J3: Full-Day Transportation Price by Group Size | P3: Airport Transfer Price by Group Size
A4: Regional Master? | B4: Country | C4: Country Code | D4: Transportation Company Name | E4: Address | F4: Phone Number | G4: Email | H4: Currency | I4: Notes | J4: 50–60 Passengers | K4: 35–49 Passengers | L4: 20–34 Passengers | M4: 11–19 Passengers | N4: 7–9 Passengers | O4: 2–6 Passengers | P4: 50–60 Passengers | Q4: 35–49 Passengers | R4: 20–34 Passengers | S4: 11–19 Passengers | T4: 7–9 Passengers | U4: 2–6 Passengers
B5: Anguilla | C5: AI | J5: 600 | K5: 500 | L5: 400 | M5: 300 | N5: 120 | O5: 70 | P5: 320 | Q5: 270 | R5: 220 | S5: 170 | T5: 120 | U5: 70
B6: Antigua and Barbuda | C6: AG
B7: Argentina | C7: AR
B8: Aruba | C8: AW
B9: Bahamas | C9: BS
B10: Barbados | C10: BB
B11: Belize | C11: BZ
B12: Bolivia | C12: BO
B13: Brazil | C13: BR
B14: British Virgin Islands | C14: VG
B15: Caribbean Netherlands | C15: BQ
B16: Cayman Islands | C16: KY
B17: Chile | C17: CL
... B53: Venezuela | C53: VE

Sheet Middle East
A1: Middle East — Transportation Company Rates
A2: Complete one country row for this region and select Yes in “Regional Master?”. When you upload the workbook, that company and its prices can be copied to every country on this sheet.
A3: Country Selection | D3: Transportation Company Information | J3: Full-Day Transportation Price by Group Size | P3: Airport Transfer Price by Group Size
A4: Regional Master? | B4: Country | C4: Country Code | D4: Transportation Company Name | E4: Address | F4: Phone Number | G4: Email | H4: Currency | I4: Notes | J4: 50–60 Passengers | K4: 35–49 Passengers | L4: 20–34 Passengers | M4: 11–19 Passengers | N4: 7–9 Passengers | O4: 2–6 Passengers | P4: 50–60 Passengers | Q4: 35–49 Passengers | R4: 20–34 Passengers | S4: 11–19 Passengers | T4: 7–9 Passengers | U4: 2–6 Passengers
B5: Bahrain | C5: BH | J5: 600 | K5: 500 | L5: 400 | M5: 300 | N5: 120 | O5: 70 | P5: 320 | Q5: 270 | R5: 220 | S5: 170 | T5: 120 | U5: 70
B6: Cyprus | C6: CY
B7: Iran | C7: IR
B8: Iraq | C8: IQ
B9: Jordan | C9: JO
B10: Kuwait | C10: KW
B11: Lebanon | C11: LB
B12: Oman | C12: OM
B13: Palestinian Territory | C13: PS
B14: Qatar | C14: QA
B15: Syria | C15: SY
B16: Yemen | C16: YE
B17: Israel | C17: IL

Sheet Northern Africa
A1: Northern Africa — Transportation Company Rates
A2: Complete one country row for this region and select Yes in “Regional Master?”. When you upload the workbook, that company and its prices can be copied to every country on this sheet.
A3: Country Selection | D3: Transportation Company Information | J3: Full-Day Transportation Price by Group Size | P3: Airport Transfer Price by Group Size
A4: Regional Master? | B4: Country | C4: Country Code | D4: Transportation Company Name | E4: Address | F4: Phone Number | G4: Email | H4: Currency | I4: Notes | J4: 50–60 Passengers | K4: 35–49 Passengers | L4: 20–34 Passengers | M4: 11–19 Passengers | N4: 7–9 Passengers | O4: 2–6 Passengers | P4: 50–60 Passengers | Q4: 35–49 Passengers | R4: 20–34 Passengers | S4: 11–19 Passengers | T4: 7–9 Passengers | U4: 2–6 Passengers
B5: Egypt | C5: EG | J5: 600 | K5: 500 | L5: 400 | M5: 300 | N5: 120 | O5: 70 | P5: 320 | Q5: 270 | R5: 220 | S5: 170 | T5: 120 | U5: 70

Sheet Northern America
A1: Northern America — Transportation Company Rates
A2: Complete one country row for this region and select Yes in “Regional Master?”. When you upload the workbook, that company and its prices can be copied to every country on this sheet.
A3: Country Selection | D3: Transportation Company Information | J3: Full-Day Transportation Price by Group Size | P3: Airport Transfer Price by Group Size
A4: Regional Master? | B4: Country | C4: Country Code | D4: Transportation Company Name | E4: Address | F4: Phone Number | G4: Email | H4: Currency | I4: Notes | J4: 50–60 Passengers | K4: 35–49 Passengers | L4: 20–34 Passengers | M4: 11–19 Passengers | N4: 7–9 Passengers | O4: 2–6 Passengers | P4: 50–60 Passengers | Q4: 35–49 Passengers | R4: 20–34 Passengers | S4: 11–19 Passengers | T4: 7–9 Passengers | U4: 2–6 Passengers
B5: United States | C5: US | J5: 800 | K5: 700 | L5: 600 | M5: 500 | N5: 120 | O5: 70 | P5: 420 | Q5: 370 | R5: 320 | S5: 270 | T5: 120 | U5: 70

Sheet SH
A1: SH — Transportation Company Rates
A2: Complete one country row for this region and select Yes in “Regional Master?”. When you upload the workbook, that company and its prices can be copied to every country on this sheet.
A3: Country Selection | D3: Transportation Company Information | J3: Full-Day Transportation Price by Group Size | P3: Airport Transfer Price by Group Size
A4: Regional Master? | B4: Country | C4: Country Code | D4: Transportation Company Name | E4: Address | F4: Phone Number | G4: Email | H4: Currency | I4: Notes | J4: 50–60 Passengers | K4: 35–49 Passengers | L4: 20–34 Passengers | M4: 11–19 Passengers | N4: 7–9 Passengers | O4: 2–6 Passengers | P4: 50–60 Passengers | Q4: 35–49 Passengers | R4: 20–34 Passengers | S4: 11–19 Passengers | T4: 7–9 Passengers | U4: 2–6 Passengers
B5: Saint Helena | C5: Ascension and Tristan da Cunha

Sheet South-Eastern Asia
A1: South-Eastern Asia — Transportation Company Rates
A2: Complete one country row for this region and select Yes in “Regional Master?”. When you upload the workbook, that company and its prices can be copied to every country on this sheet.
A3: Country Selection | D3: Transportation Company Information | J3: Full-Day Transportation Price by Group Size | P3: Airport Transfer Price by Group Size
A4: Regional Master? | B4: Country | C4: Country Code | D4: Transportation Company Name | E4: Address | F4: Phone Number | G4: Email | H4: Currency | I4: Notes | J4: 50–60 Passengers | K4: 35–49 Passengers | L4: 20–34 Passengers | M4: 11–19 Passengers | N4: 7–9 Passengers | O4: 2–6 Passengers | P4: 50–60 Passengers | Q4: 35–49 Passengers | R4: 20–34 Passengers | S4: 11–19 Passengers | T4: 7–9 Passengers | U4: 2–6 Passengers
B5: Indonesia | C5: ID | J5: 800 | K5: 700 | L5: 600 | M5: 500 | N5: 120 | O5: 70 | P5: 420 | Q5: 370 | R5: 320 | S5: 270 | T5: 120 | U5: 70
B6: Singapore | C6: SG
B7: Thailand | C7: TH

Sheet Southern Europe
A1: Southern Europe — Transportation Company Rates
A2: Complete one country row for this region and select Yes in “Regional Master?”. When you upload the workbook, that company and its prices can be copied to every country on this sheet.
A3: Country Selection | D3: Transportation Company Information | J3: Full-Day Transportation Price by Group Size | P3: Airport Transfer Price by Group Size
A4: Regional Master? | B4: Country | C4: Country Code | D4: Transportation Company Name | E4: Address | F4: Phone Number | G4: Email | H4: Currency | I4: Notes | J4: 50–60 Passengers | K4: 35–49 Passengers | L4: 20–34 Passengers | M4: 11–19 Passengers | N4: 7–9 Passengers | O4: 2–6 Passengers | P4: 50–60 Passengers | Q4: 35–49 Passengers | R4: 20–34 Passengers | S4: 11–19 Passengers | T4: 7–9 Passengers | U4: 2–6 Passengers
B5: Greece | C5: GR | J5: 800 | K5: 700 | L5: 600 | M5: 500 | N5: 120 | O5: 70 | P5: 420 | Q5: 370 | R5: 320 | S5: 270 | T5: 120 | U5: 70
B6: Italy | C6: IT
B7: Spain | C7: ES

Sheet Unclassified
A1: Unclassified — Transportation Company Rates
A2: Complete one country row for this region and select Yes in “Regional Master?”. When you upload the workbook, that company and its prices can be copied to every country on this sheet.
A3: Country Selection | D3: Transportation Company Information | J3: Full-Day Transportation Price by Group Size | P3: Airport Transfer Price by Group Size
A4: Regional Master? | B4: Country | C4: Country Code | D4: Transportation Company Name | E4: Address | F4: Phone Number | G4: Email | H4: Currency | I4: Notes | J4: 50–60 Passengers | K4: 35–49 Passengers | L4: 20–34 Passengers | M4: 11–19 Passengers | N4: 7–9 Passengers | O4: 2–6 Passengers | P4: 50–60 Passengers | Q4: 35–49 Passengers | R4: 20–34 Passengers | S4: 11–19 Passengers | T4: 7–9 Passengers | U4: 2–6 Passengers
B5: Dominican Republic | C5: DO | J5: 600 | K5: 500 | L5: 400 | M5: 300 | N5: 120 | O5: 70 | P5: 320 | Q5: 270 | R5: 220 | S5: 170 | T5: 120 | U5: 70
B6: Israel | C6: IL

Sheet Western Asia
A1: Western Asia — Transportation Company Rates
A2: Complete one country row for this region and select Yes in “Regional Master?”. When you upload the workbook, that company and its prices can be copied to every country on this sheet.
A3: Country Selection | D3: Transportation Company Information | J3: Full-Day Transportation Price by Group Size | P3: Airport Transfer Price by Group Size
A4: Regional Master? | B4: Country | C4: Country Code | D4: Transportation Company Name | E4: Address | F4: Phone Number | G4: Email | H4: Currency | I4: Notes | J4: 50–60 Passengers | K4: 35–49 Passengers | L4: 20–34 Passengers | M4: 11–19 Passengers | N4: 7–9 Passengers | O4: 2–6 Passengers | P4: 50–60 Passengers | Q4: 35–49 Passengers | R4: 20–34 Passengers | S4: 11–19 Passengers | T4: 7–9 Passengers | U4: 2–6 Passengers
B5: Saudi Arabia | C5: SA | J5: 600 | K5: 500 | L5: 400 | M5: 300 | N5: 120 | O5: 70 | P5: 320 | Q5: 270 | R5: 220 | S5: 170 | T5: 120 | U5: 70
B6: Turkey | C6: TR
B7: United Arab Emirates | C7: AE

Sheet Western Europe
A1: Western Europe — Transportation Company Rates
A2: Complete one country row for this region and select Yes in “Regional Master?”. When you upload the workbook, that company and its prices can be copied to every country on this sheet.
A3: Country Selection | D3: Transportation Company Information | J3: Full-Day Transportation Price by Group Size | P3: Airport Transfer Price by Group Size
A4: Regional Master? | B4: Country | C4: Country Code | D4: Transportation Company Name | E4: Address | F4: Phone Number | G4: Email | H4: Currency | I4: Notes | J4: 50–60 Passengers | K4: 35–49 Passengers | L4: 20–34 Passengers | M4: 11–19 Passengers | N4: 7–9 Passengers | O4: 2–6 Passengers | P4: 50–60 Passengers | Q4: 35–49 Passengers | R4: 20–34 Passengers | S4: 11–19 Passengers | T4: 7–9 Passengers | U4: 2–6 Passengers
B5: France | C5: FR | J5: 800 | K5: 700 | L5: 600 | M5: 500 | N5: 120 | O5: 70 | P5: 420 | Q5: 370 | R5: 320 | S5: 270 | T5: 120 | U5: 70

Sheet Instructions
A1: How to Complete the Regional Transportation Rate Workbook
A3: Step | B3: Instruction
A4: 1 | B4: Open the Region Summary sheet to see all region sheets and the number of countries in each one.
A5: 2 | B5: Open a region sheet.
A6: 3 | B6: Choose one country that will represent the transportation prices for that entire region.
A7: 4 | B7: On that country row, select Yes under Regional Master?
A8: 5 | B8: Enter the transportation company name, address, phone, email, currency, and notes.
A9: 6 | B9: Enter the full-day transportation prices for every applicable group size.
A10: 7 | B10: Enter the airport-transfer prices for every applicable group size.
A11: 8 | B11: Repeat the process once for every region.
A12: 9 | B12: Return to Region Summary. READY means exactly one master row was selected for that region.
A14: What Happens After You Upload the Completed Workbook
A15: Action | B15: Result
A16: Read selected row | B16: The row marked Yes becomes the regional source record.
A17: Copy company details | B17: Company name, address, phone, email, currency, and notes can be copied to every country in that region.
A18: Copy prices | B18: All full-day and airport-transfer rates can be copied to every country in that region.
A19: Preserve countries | B19: Country names and country codes remain unchanged.
A20: Validate | B20: Regions with zero or multiple selected master rows will be reported before copying.
A22: Source-File Data Quality Notes
A23: Issue | B23: Source Value
A24: Missing region | B24: Dominican Republic
A25: Missing region | B25: Israel
A26: Suspicious region value | B26: Saint Helena has SH in the Region column and a malformed country-code field.
A28: Important Group-Size Note
A29: The requested group ranges do not include exactly 10 passengers. Add a separate 10-passenger category if Tourops needs to calculate that group size.
